区分,席次,棋士番号,棋士名,段位,称号,生年月日,四段昇段日,五段昇段日,六段昇段日,七段昇段日,八段昇段日,九段昇段日,初タイトル,生年戴冠所要日数,初戴冠年齢,四段戴冠所要日数,初戴冠までの年数,引退日,逝去日
現役,1,307,藤井聡太,,竜王・名人,2002-07-19,2016-10-01,2018-02-01,2018-02-17,2018-05-18,2020-08-20,2021-07-03,2020-07-16,6572,17歳11ヶ月27日,1384,3年9ヶ月15日,,
現役,2,324,伊藤匠,,叡王,2002-10-10,2020-10-01,2022-03-10,2023-04-20,2023-08-14,2025-06-14,,2024-06-20,7924,21歳8ヶ月10日,1358,3年8ヶ月19日,,
現役,3,131,谷川浩司,,十七世名人,1962-04-06,1976-12-20,1979-04-01,1980-04-01,1981-04-01,1982-04-01,1984-04-01,1983-06-15,7740,21歳2ヶ月9日,2368,6年5ヶ月26日,,
現役,4,175,羽生善治,九段,,1970-09-27,1985-12-18,1988-04-01,1989-10-01,1990-10-01,1993-04-01,1994-04-01,1989-12-27,7031,19歳3ヶ月0日,1470,4年0ヶ月9日,,
現役,5,182,佐藤康光,九段,,1969-10-01,1987-03-25,1989-04-01,1992-03-25,1993-10-01,1996-04-01,1998-06-18,1993-12-10,8836,24歳2ヶ月9日,2452,6年8ヶ月15日,,
現役,6,183,森内俊之,九段,,1970-10-10,1987-05-13,1990-06-02,1992-04-01,1994-04-01,1995-04-01,2002-05-17,2002-05-17,11542,31歳7ヶ月7日,5483,15年0ヶ月4日,,
現役,7,235,渡辺明,九段,,1984-04-23,2000-04-01,2003-04-01,2004-10-01,2005-10-01,2005-11-17,2005-11-30,2004-12-28,7554,20歳8ヶ月5日,1732,4年8ヶ月27日,,
現役,8,147,南芳一,九段,,1963-06-08,1981-01-19,1982-04-01,1983-04-01,1985-04-01,1986-04-01,1989-02-22,1988-01-12,8984,24歳7ヶ月4日,2549,6年11ヶ月24日,,
現役,9,142,高橋道雄,九段,,1960-04-23,1980-06-04,1982-04-01,1984-04-01,1986-11-17,1989-04-01,1990-04-01,1983-09-26,8556,23歳5ヶ月3日,1209,3年3ヶ月22日,,
現役,10,194,丸山忠久,九段,,1970-09-05,1990-04-01,1992-04-01,1995-04-01,1997-04-01,1998-04-01,2000-06-28,2000-06-28,10889,29歳9ヶ月23日,3741,10年2ヶ月27日,,
現役,11,198,藤井猛,九段,,1970-09-29,1991-04-01,1994-04-01,1995-04-01,1998-10-01,1999-10-01,2000-10-01,1998-11-18,10277,28歳1ヶ月20日,2788,7年7ヶ月17日,,
現役,12,148,塚田泰明,九段,,1964-11-16,1981-03-05,1983-04-01,1985-04-01,1987-04-01,1988-04-01,2000-12-15,1987-10-21,8374,22歳11ヶ月5日,2421,6年7ヶ月16日,,
現役,13,195,郷田真隆,九段,,1971-03-17,1990-04-01,1992-10-01,1995-11-20,1998-04-01,1999-04-01,2001-08-06,1992-09-09,7847,21歳5ヶ月23日,892,2年5ヶ月8日,,
現役,14,161,森下卓,九段,,1966-07-10,1983-09-21,1987-01-14,1989-10-03,1992-07-10,1994-04-01,2003-12-12,,,,,,,
現役,15,189,屋敷伸之,九段,,1972-01-18,1988-10-01,1990-04-01,1991-04-01,1996-03-08,2002-05-13,2004-04-01,1990-08-01,6770,18歳6ヶ月14日,669,1年10ヶ月0日,,
現役,16,143,中村修,九段,,1962-11-07,1980-07-02,1982-04-01,1983-04-01,1986-04-01,1993-10-15,2008-01-23,1986-03-14,8528,23歳4ヶ月7日,2081,5年8ヶ月12日,,
現役,17,146,島朗,九段,,1963-02-19,1980-09-18,1984-05-10,1986-04-01,1989-04-01,1994-04-01,2008-04-17,1988-11-17,9403,25歳8ヶ月29日,2982,8年1ヶ月30日,,
現役,18,201,深浦康市,九段,,1972-02-14,1991-10-01,1994-08-27,1997-07-22,2001-06-28,2004-04-01,2008-09-26,2007-09-26,13008,35歳7ヶ月12日,5839,15年11ヶ月25日,,
現役,19,207,久保利明,九段,,1975-08-27,1993-04-01,1995-04-01,1998-11-25,2001-04-01,2003-04-01,2010-03-30,2009-03-30,12269,33歳7ヶ月3日,5842,15年11ヶ月29日,,
現役,20,157,井上慶太,九段,,1964-01-17,1983-02-04,1987-03-27,1991-07-12,1996-04-01,1997-04-01,2011-03-03,,,,,,,
現役,21,204,三浦弘行,九段,,1974-02-13,1992-10-01,1995-04-01,1996-10-01,2000-04-01,2001-04-01,2013-08-16,1996-07-30,8203,22歳5ヶ月17日,1398,3年9ヶ月29日,,
現役,22,185,先崎学,九段,,1970-06-22,1987-10-19,1990-10-08,1994-06-08,1999-04-01,2000-04-01,2014-04-01,,,,,,,
現役,23,263,佐藤天彦,九段,,1988-01-16,2006-10-01,2009-04-30,2011-04-21,2012-04-19,2015-01-08,2016-05-31,2016-05-31,10363,28歳4ヶ月15日,3530,9年7ヶ月30日,,
現役,24,213,鈴木大介,九段,,1974-07-11,1994-10-01,1997-04-01,1999-10-01,2002-04-01,2003-04-01,2017-03-01,,,,,,,
現役,25,222,木村一基,九段,,1973-06-23,1997-04-01,1999-04-01,2001-12-17,2003-04-01,2007-04-01,2017-06-26,2019-09-26,16896,46歳3ヶ月3日,8213,22年5ヶ月25日,,
現役,26,264,豊島将之,九段,,1990-04-30,2007-04-01,2009-05-08,2010-11-29,2012-04-19,2017-03-09,2019-05-17,2018-07-17,10305,28歳2ヶ月17日,4125,11年3ヶ月16日,,
現役,27,208,行方尚史,九段,,1973-12-30,1993-10-01,1995-10-01,1999-06-21,2004-04-01,2007-04-01,2019-11-14,,,,,,,
現役,28,171,阿部隆,九段,,1967-08-25,1985-06-10,1989-08-11,1992-11-16,1997-06-06,2005-02-03,2020-07-15,,,,,,,
現役,29,276,永瀬拓矢,九段,,1992-09-05,2009-10-01,2012-04-24,2013-06-17,2017-11-22,2019-10-01,2020-10-14,2019-05-11,9744,26歳8ヶ月6日,3509,9年7ヶ月10日,,
現役,30,138,脇謙二,九段,,1960-08-10,1979-07-16,1983-04-01,1984-04-01,1990-04-01,2000-11-16,2021-04-01,,,,,,,
現役,31,255,広瀬章人,九段,,1987-01-18,2005-04-01,2007-04-01,2010-06-11,2010-09-02,2014-02-13,2023-11-16,2010-09-02,8628,23歳7ヶ月15日,1980,5年5ヶ月1日,,
現役,32,168,富岡英作,九段,,1964-05-19,1984-12-18,1986-04-01,1988-04-01,1992-04-01,2002-12-20,2024-04-01,,,,,,,
現役,33,227,山崎隆之,九段,,1981-02-14,1998-04-01,2001-08-28,2004-11-18,2006-08-10,2013-07-27,2025-02-06,,,,,,,
現役,34,184,中川大輔,八段,,1968-07-13,1987-10-19,1990-11-27,1994-06-28,2000-10-20,2009-12-11,,,,,,,,
現役,35,164,日浦市郎,八段,,1966-03-04,1984-04-04,1988-06-22,1993-01-27,1999-10-05,2010-04-16,,,,,,,,
現役,36,162,浦野真彦,八段,,1964-03-14,1983-10-19,1987-04-01,1989-04-01,1996-04-01,2012-09-14,,,,,,,,
現役,37,211,北浜健介,八段,,1975-12-28,1994-04-01,1996-04-01,1998-04-01,2003-04-01,2013-03-07,,,,,,,,
現役,38,144,泉正樹,八段,,1961-01-11,1980-08-20,1985-04-26,1989-06-23,1997-10-09,2013-07-04,,,,,,,,
現役,39,233,阿久津主税,八段,,1982-06-24,1999-10-01,2004-07-02,2007-08-03,2009-04-01,2014-02-13,,,,,,,,
現役,40,149,神谷広志,八段,,1961-04-21,1981-03-18,1984-04-01,1989-03-17,1997-12-12,2014-05-01,,,,,,,,
現役,41,260,糸谷哲郎,八段,,1988-10-05,2006-04-01,2008-05-01,2012-01-12,2014-09-08,2014-12-04,,2014-12-04,9556,26歳1ヶ月29日,3169,8年8ヶ月3日,,
現役,42,231,松尾歩,八段,,1980-03-29,1999-04-01,2002-04-01,2006-04-21,2007-09-27,2015-07-02,,,,,,,,
現役,43,269,稲葉陽,八段,,1988-08-08,2008-04-01,2011-03-08,2012-05-01,2013-08-16,2016-02-18,,,,,,,,
現役,44,179,神崎健二,八段,,1963-12-08,1986-11-05,1990-04-24,1994-05-24,2001-05-29,2016-08-15,,,,,,,,
現役,45,202,真田圭一,八段,,1972-10-06,1992-04-01,1994-04-01,1997-10-01,2005-03-01,2016-10-25,,,,,,,,
現役,46,221,野月浩貴,八段,,1973-07-04,1996-10-01,2000-10-10,2004-04-01,2005-04-01,2017-01-20,,,,,,,,
現役,47,193,畠山成幸,八段,,1969-06-03,1989-10-01,1993-04-01,1996-04-01,2003-05-19,2017-03-08,,,,,,,,
現役,48,176,中田功,八段,,1967-07-27,1986-04-30,1990-03-06,1998-08-07,2005-10-11,2019-01-21,,,,,,,,
現役,49,197,杉本昌隆,八段,,1968-11-13,1990-10-01,1995-12-06,2000-07-11,2006-02-10,2019-02-22,,,,,,,,
現役,50,192,畠山鎮,八段,,1969-06-03,1989-10-01,1993-12-24,1999-04-27,2006-04-01,2019-09-12,,,,,,,,
現役,51,278,菅井竜也,八段,,1992-04-17,2010-04-01,2011-08-21,2015-03-10,2015-11-05,2020-01-23,,2017-08-30,9266,25歳4ヶ月13日,2708,7年4ヶ月29日,,
現役,52,286,斎藤慎太郎,八段,,1993-04-21,2012-04-01,2013-03-05,2015-04-23,2017-03-08,2020-02-13,,2018-10-30,9323,25歳6ヶ月9日,2403,6年6ヶ月29日,,
現役,53,196,佐藤秀司,八段,,1967-06-08,1990-10-01,1994-10-11,1999-07-09,2007-12-10,2020-07-31,,,,,,,,
現役,54,236,飯島栄治,八段,,1979-09-16,2000-04-01,2004-09-07,2008-09-11,2010-10-22,2021-02-02,,,,,,,,
現役,55,188,小倉久史,八段,,1968-05-15,1988-10-01,1992-10-28,1998-05-20,2005-10-24,2022-04-01,,,,,,,,
現役,56,218,堀口一史座,八段,,1975-02-28,1996-04-01,1999-10-14,2002-10-01,2004-04-01,2022-12-15,,,,,,,,
現役,57,261,中村太地,八段,,1988-06-01,2006-04-01,2011-01-27,2012-04-26,2017-10-11,2023-03-09,,2017-10-11,10724,29歳4ヶ月10日,4211,11年6ヶ月10日,,
現役,58,280,佐々木勇気,八段,,1994-08-05,2010-10-01,2014-03-11,2017-07-11,2018-11-16,2023-03-09,,,,,,,,
現役,59,203,飯塚祐紀,八段,,1969-04-02,1992-04-01,1996-08-05,2001-08-13,2009-10-27,2023-06-07,,,,,,,,
現役,60,249,村山慈明,八段,,1984-05-09,2003-10-01,2007-12-14,2012-05-17,2014-03-13,2023-06-21,,,,,,,,
現役,61,223,小林裕士,八段,,1976-09-29,1997-04-01,2001-04-01,2006-04-05,2011-10-12,2023-12-12,,,,,,,,
現役,62,291,千田翔太,八段,,1994-04-10,2013-04-01,2015-02-12,2016-12-16,2019-03-13,2024-02-08,,,,,,,,
現役,63,297,増田康宏,八段,,1997-11-04,2014-10-01,2018-01-12,2018-05-22,2023-02-08,2024-03-07,,,,,,,,
現役,64,303,近藤誠也,八段,,1996-07-25,2015-10-01,2017-03-02,2019-03-05,2020-03-11,2025-01-16,,,,,,,,
現役,65,287,八代弥,八段,,1994-03-03,2012-04-01,2015-05-12,2017-02-11,2019-04-23,2025-07-10,,,,,,,,
現役,66,172,所司和晴,七段,,1961-10-23,1985-06-27,1987-04-01,1992-10-29,2005-04-27,,,,,,,,,
現役,67,200,豊川孝弘,七段,,1967-02-20,1991-10-01,1996-02-27,2002-05-22,2009-03-19,,,,,,,,,
現役,68,199,平藤眞吾,七段,,1963-10-15,1991-04-01,1996-03-01,2002-11-05,2011-10-25,,,,,,,,,
現役,69,217,田村康介,七段,,1976-03-16,1995-10-01,2000-09-08,2005-06-08,2013-03-04,,,,,,,,,
現役,70,190,藤原直哉,七段,,1965-05-27,1989-04-01,1994-11-10,2001-07-24,2013-06-19,,,,,,,,,
現役,71,214,北島忠雄,七段,,1966-01-04,1995-04-01,1999-06-03,2003-10-01,2014-08-14,,,,,,,,,
現役,72,212,矢倉規広,七段,,1974-09-27,1994-10-01,1999-06-11,2005-07-28,2015-07-01,,,,,,,,,
現役,73,224,佐藤紳哉,七段,,1977-08-29,1997-10-01,2003-01-24,2007-08-28,2015-12-17,,,,,,,,,
現役,74,277,阿部健治郎,七段,,1989-02-25,2009-10-01,2011-11-01,2015-11-05,2016-04-22,,,,,,,,,
現役,75,210,窪田義行,七段,,1972-05-18,1994-04-01,1998-08-01,2007-01-22,2016-06-01,,,,,,,,,
現役,76,262,戸辺誠,七段,,1986-08-05,2006-10-01,2009-03-10,2010-02-09,2016-06-01,,,,,,,,,
現役,77,275,大石直嗣,七段,,1989-09-16,2009-04-01,2013-04-22,2013-05-15,2017-11-01,,,,,,,,,
現役,78,237,千葉幸生,七段,,1979-02-11,2000-10-01,2004-04-01,2010-09-16,2018-02-06,,,,,,,,,
現役,79,209,岡崎洋,七段,,1967-05-04,1993-10-01,1998-04-01,2004-06-15,2018-02-19,,,,,,,,,
現役,80,241,宮田敦史,七段,,1981-06-05,2001-10-01,2004-04-01,2010-09-03,2018-05-25,,,,,,,,,
現役,81,284,髙見泰地,七段,,1993-07-12,2011-10-01,2014-05-23,2018-01-29,2018-05-26,,,,,,,,,
現役,82,251,片上大輔,七段,,1981-08-28,2004-04-01,2006-10-10,2009-05-12,2018-07-18,,,,,,,,,
現役,83,248,西尾明,七段,,1979-09-30,2003-04-01,2007-09-18,2011-04-21,2019-02-13,,,,,,,,,
現役,84,294,三枚堂達也,七段,,1993-07-14,2013-10-01,2017-07-27,2017-11-24,2019-09-04,,,,,,,,,
現役,85,246,横山泰明,七段,,1980-10-16,2002-10-01,2007-10-30,2012-12-07,2019-09-11,,,,,,,,,
現役,86,253,村中秀史,七段,,1981-03-12,2004-10-01,2009-09-15,2009-10-16,2019-10-04,,,,,,,,,
現役,87,250,佐藤和俊,七段,,1978-06-12,2003-10-01,2007-11-02,2014-03-24,2019-10-30,,,,,,,,,
現役,88,242,村田智弘,七段,,1981-04-02,2001-10-01,2007-06-19,2008-10-23,2019-12-18,,,,,,,,,
現役,89,240,佐々木慎,七段,,1980-01-21,2001-04-01,2006-04-19,2012-02-22,2020-03-11,,,,,,,,,
現役,90,215,勝又清和,七段,,1969-03-21,1995-04-01,1999-04-01,2007-03-13,2020-04-01,,,,,,,,,
現役,91,257,髙﨑一生,七段,,1987-02-12,2005-10-01,2010-02-02,2012-05-15,2020-09-18,,,,,,,,,
現役,92,274,澤田真吾,七段,,1991-11-21,2009-04-01,2013-02-12,2014-11-06,2020-10-14,,,,,,,,,
現役,93,234,安用寺孝功,七段,,1974-08-30,1999-10-01,2005-11-15,2009-02-10,2021-01-26,,,,,,,,,
現役,94,304,都成竜馬,七段,,1990-01-17,2016-04-01,2018-03-15,2019-11-13,2021-03-25,,,,,,,,,
現役,95,301,梶浦宏孝,七段,,1995-07-06,2015-04-01,2019-07-25,2020-06-04,2021-05-06,,,,,,,,,
現役,96,220,近藤正和,七段,,1971-05-31,1996-10-01,2001-09-12,2007-07-19,2021-05-20,,,,,,,,,
現役,97,268,及川拓馬,七段,,1987-05-06,2007-10-01,2013-01-08,2014-10-23,2021-12-20,,,,,,,,,
現役,98,283,阿部光瑠,七段,,1994-10-25,2011-04-01,2014-11-04,2015-11-05,2022-01-28,,,,,,,,,
現役,99,216,松本佳介,七段,,1971-12-17,1995-10-01,2001-01-26,2008-07-01,2022-04-01,,,,,,,,,
現役,100,306,佐々木大地,七段,,1995-05-30,2016-04-01,2019-02-20,2022-02-16,2022-04-28,,,,,,,,,
現役,101,308,大橋貴洸,七段,,1992-09-22,2016-10-01,2019-07-31,2019-10-23,2023-02-08,,,,,,,,,
現役,102,293,石井健太郎,七段,,1992-04-13,2013-10-01,2017-10-30,2020-06-05,2024-03-06,,,,,,,,,
現役,103,281,船江恒平,七段,,1987-04-27,2010-10-01,2012-03-06,2016-12-28,2024-03-12,,,,,,,,,
現役,104,319,渡辺和史,七段,,1994-10-06,2019-10-01,2022-03-10,2023-03-07,2024-05-09,,,,,,,,,
現役,105,226,髙野秀行,七段,,1972-06-15,1998-04-01,2003-10-21,2011-02-22,2024-10-03,,,,,,,,,
現役,106,322,服部慎一郎,七段,,1999-08-02,2020-04-01,2022-09-30,2023-04-20,2025-02-05,,,,,,,,,
現役,107,300,青嶋未来,七段,,1995-02-27,2015-04-01,2016-03-03,2020-06-16,2025-02-05,,,,,,,,,
現役,108,243,大平武洋,六段,,1977-05-11,2002-04-01,2006-09-19,2016-01-08,,,,,,,,,,
現役,109,265,金井恒太,六段,,1986-05-25,2007-04-01,2010-03-09,2016-03-09,,,,,,,,,,
現役,110,229,山本真也,六段,,1971-10-24,1998-10-01,2004-11-05,2016-04-01,,,,,,,,,,
現役,111,252,中村亮介,六段,,1985-09-26,2004-04-01,2008-10-31,2016-09-01,,,,,,,,,,
現役,112,272,西川和宏,六段,,1986-04-02,2008-10-01,2014-08-21,2016-11-10,,,,,,,,,,
現役,113,267,村田顕弘,六段,,1986-07-14,2007-10-01,2012-03-06,2017-11-07,,,,,,,,,,
現役,114,258,遠山雄亮,六段,,1979-12-10,2005-10-01,2011-02-22,2018-02-23,,,,,,,,,,
現役,115,254,阪口悟,六段,,1978-08-16,2004-10-01,2009-12-08,2018-07-19,,,,,,,,,,
現役,116,259,瀬川晶司,六段,,1970-03-23,2005-11-06,2012-08-13,2018-11-08,,,,,,,,,,
現役,117,256,長岡裕也,六段,,1985-08-18,2005-04-01,2010-11-02,2020-12-10,,,,,,,,,,
現役,118,279,牧野光則,六段,,1988-04-16,2010-04-01,2015-02-25,2021-02-10,,,,,,,,,,
現役,119,298,黒沢怜生,六段,,1992-03-07,2014-10-01,2016-05-13,2021-03-18,,,,,,,,,,
現役,120,266,伊藤真吾,六段,,1982-01-04,2007-04-01,2013-10-25,2021-05-13,,,,,,,,,,
現役,121,302,髙野智史,六段,,1993-10-27,2015-10-01,2019-12-02,2021-10-01,,,,,,,,,,
現役,122,290,渡辺大夢,六段,,1988-07-29,2012-10-01,2016-10-27,2021-10-21,,,,,,,,,,
現役,123,273,渡辺正和,六段,,1986-01-23,2008-10-01,2012-10-22,2022-03-16,,,,,,,,,,
現役,124,317,出口若武,六段,,1995-04-28,2019-04-01,2021-03-05,2022-04-02,,,,,,,,,,
現役,125,315,本田奎,六段,,1997-07-05,2018-10-01,2019-12-27,2023-05-01,,,,,,,,,,
現役,126,270,田中悠一,六段,,1985-03-14,2008-04-01,2014-10-23,2023-10-12,,,,,,,,,,
現役,127,326,古賀悠聖,六段,,2001-01-01,2020-10-01,2023-03-14,2024-03-05,,,,,,,,,,
現役,128,314,池永天志,六段,,1993-04-20,2018-04-01,2021-04-03,2024-04-17,,,,,,,,,,
現役,129,247,島本亮,六段,,1980-05-05,2003-04-01,2011-07-12,2024-07-10,,,,,,,,,,
現役,130,289,石田直裕,六段,,1988-12-05,2012-10-01,2017-08-15,2024-07-18,,,,,,,,,,
現役,131,271,佐藤慎一,六段,,1982-08-16,2008-10-01,2015-01-16,2024-07-23,,,,,,,,,,
現役,132,282,門倉啓太,六段,,1987-06-03,2011-04-01,2016-11-17,2024-09-25,,,,,,,,,,
現役,133,311,斎藤明日斗,六段,,1998-07-17,2017-10-01,2022-01-14,2025-01-14,,,,,,,,,,
現役,134,333,藤本渚,六段,,2005-07-18,2022-10-01,2024-03-12,2025-03-04,,,,,,,,,,
現役,135,296,宮本広志,六段,,1986-01-27,2014-04-01,2016-03-03,2025-03-04,,,,,,,,,,
現役,136,310,杉本和陽,六段,,1991-09-01,2017-04-01,2021-07-08,2025-04-25,,,,,,,,,,
現役,137,309,西田拓也,六段,,1991-08-25,2017-04-01,2021-02-19,2025-06-17,,,,,,,,,,
現役,138,285,藤森哲也,五段,,1987-05-09,2011-10-01,2017-03-23,,,,,,,,,,,
現役,139,292,竹内雄悟,五段,,1987-12-17,2013-04-01,2018-09-13,,,,,,,,,,,
現役,140,288,上村亘,五段,,1986-12-10,2012-10-01,2019-10-10,,,,,,,,,,,
現役,141,312,古森悠太,五段,,1995-08-20,2017-10-01,2020-03-05,,,,,,,,,,,
現役,142,299,今泉健司,五段,,1973-07-03,2015-04-01,2020-06-18,,,,,,,,,,,
現役,143,295,星野良生,五段,,1988-08-10,2014-04-01,2020-08-13,,,,,,,,,,,
現役,144,318,黒田尭之,五段,,1996-09-26,2019-04-01,2021-02-04,,,,,,,,,,,
現役,145,305,井出隼平,五段,,1991-05-03,2016-04-01,2021-02-25,,,,,,,,,,,
現役,146,320,石川優太,五段,,1994-11-11,2019-10-01,2022-09-20,,,,,,,,,,,
現役,147,321,折田翔吾,五段,,1989-10-28,2020-04-01,2022-10-06,,,,,,,,,,,
現役,148,313,長谷部浩平,五段,,1994-04-15,2018-04-01,2022-10-13,,,,,,,,,,,
現役,149,316,山本博志,五段,,1996-08-13,2018-10-01,2023-04-17,,,,,,,,,,,
現役,150,325,冨田誠也,五段,,1996-02-13,2020-10-01,2024-03-12,,,,,,,,,,,
現役,151,328,高田明浩,五段,,2002-06-20,2021-04-01,2024-03-12,,,,,,,,,,,
現役,152,330,狩山幹生,五段,,2001-11-12,2021-10-01,2024-11-05,,,,,,,,,,,
現役,153,327,井田明宏,五段,,1996-12-06,2021-04-01,2024-11-06,,,,,,,,,,,
現役,154,331,岡部怜央,五段,,1999-04-08,2022-04-01,2025-03-11,,,,,,,,,,,
現役,155,340,上野裕寿,五段,,2003-05-05,2023-10-01,2025-03-11,,,,,,,,,,,
現役,156,323,谷合廣紀,五段,,1994-01-06,2020-04-01,2025-07-10,,,,,,,,,,,
現役,157,329,横山友紀,四段,,2000-01-26,2021-10-01,,,,,,,,,,,,
現役,158,332,徳田拳士,四段,,1997-12-09,2022-04-01,,,,,,,,,,,,
現役,159,334,齊藤裕也,四段,,1997-05-29,2022-10-01,,,,,,,,,,,,
現役,160,335,小山怜央,四段,,1993-07-02,2023-04-01,,,,,,,,,,,,
現役,161,336,小山直希,四段,,1999-10-07,2023-04-01,,,,,,,,,,,,
現役,162,337,森本才跳,四段,,2001-05-31,2023-04-01,,,,,,,,,,,,
現役,163,338,柵木幹太,四段,,1998-02-18,2023-04-01,,,,,,,,,,,,
現役,164,339,宮嶋健太,四段,,1999-08-13,2023-10-01,,,,,,,,,,,,
現役,165,341,山川泰熙,四段,,1998-07-31,2024-04-01,,,,,,,,,,,,
現役,166,342,高橋佑二郎,四段,,1999-07-09,2024-04-01,,,,,,,,,,,,
現役,167,343,獺ヶ口笑保人,四段,,1999-10-22,2024-10-01,,,,,,,,,,,,
現役,168,344,吉池隆真,四段,,2004-11-08,2024-10-01,,,,,,,,,,,,
現役,169,345,齊藤優希,四段,,1996-05-18,2025-04-01,,,,,,,,,,,,
現役,170,346,炭﨑俊毅,四段,,2008-06-02,2025-04-01,,,,,,,,,,,,
現役,171,347,岩村凛太郎,四段,,2006-07-31,2025-10-01,,,,,,,,,,,,
現役,172,348,生垣寛人,四段,,2003-07-03,2025-10-01,,,,,,,,,,,,
現役,173,349,片山史龍,四段,,2004-08-26,2025-10-01,,,,,,,,,,,,
現役,174,350,山下数毅,四段,,2008-06-03,2025-10-01,,,,,,,,,,,,
引退,200,92,中原誠,,十六世名人,1947-09-02,1965-10-01,1967-04-01,1968-04-01,1969-04-01,1970-04-01,1973-11-03,1968-07-19,7626,20歳10ヶ月17日,1022,2年9ヶ月18日,2009-03-31,
引退,201,64,加藤一二三,九段,,1940-01-01,1954-08-01,1955-04-01,1956-04-01,1957-04-01,1958-04-01,1973-11-03,1969-01-07,10599,29歳0ヶ月6日,5273,14年5ヶ月6日,2017-06-20,
引退,202,77,内藤國雄,九段,,1939-11-15,1958-10-01,1961-04-01,1962-04-01,1963-04-01,1967-04-01,1974-02-04,1970-01-19,11023,30歳2ヶ月4日,4128,11年3ヶ月18日,2015-03-31,
引退,203,93,桐山清澄,九段,,1947-10-07,1966-04-01,1969-04-01,1970-04-01,1973-04-01,1975-04-01,1984-10-09,1985-03-22,13681,37歳5ヶ月15日,6930,18年11ヶ月21日,2022-04-27,
引退,204,96,勝浦修,九段,,1946-05-08,1967-04-01,1969-04-01,1971-04-01,1973-04-01,1976-04-01,1985-11-01,,,,,,2011-08-19,
引退,205,100,森雞二,九段,,1946-04-06,1968-04-01,1971-04-01,1972-04-01,1974-04-01,1976-04-01,1985-12-09,1982-07-09,13243,36歳3ヶ月3日,5212,14年3ヶ月8日,2017-05-10,
引退,206,97,石田和雄,九段,,1947-03-29,1967-04-01,1968-04-01,1969-04-01,1976-04-01,1979-04-01,1992-03-31,,,,,,2012-05-09,
引退,207,114,青野照市,九段,,1953-01-31,1974-04-01,1976-04-01,1979-04-01,1980-04-01,1983-04-01,1994-08-05,,,,,,2024-06-13,
引退,208,127,田中寅彦,九段,,1957-04-29,1976-06-04,1981-04-01,1982-04-01,1983-04-01,1984-04-01,1994-12-16,1988-07-29,11414,31歳3ヶ月0日,4438,12年1ヶ月25日,2022-04-15,
引退,209,113,淡路仁茂,九段,,1950-03-21,1974-04-01,1975-04-01,1978-04-01,1982-04-01,1983-04-01,1996-04-26,,,,,,2015-05-21,
引退,210,87,西村一義,九段,,1941-12-14,1963-10-01,1966-04-01,1971-04-01,1972-04-01,1984-04-01,1999-09-28,,,,,,2006-01-30,
引退,211,104,田中魁秀,九段,,1947-03-02,1969-10-01,1971-04-01,1973-04-01,1974-04-01,1984-04-01,2000-02-24,,,,,,2015-12-31,
引退,212,123,小林健二,九段,,1957-03-31,1975-12-20,1979-04-01,1981-04-01,1983-04-01,1986-04-01,2002-03-01,,,,,,2022-03-31,
引退,213,65,宮坂幸雄,九段,,1929-11-30,1955-01-10,1963-04-01,1965-04-01,1967-04-01,1982-11-17,2002-04-01,,,,,,1999-03-31,
引退,214,135,福崎文吾,九段,,1959-12-06,1978-10-11,1980-04-01,1981-04-01,1982-04-01,1990-03-26,2005-10-28,1986-12-19,9875,27歳0ヶ月13日,2991,8年2ヶ月8日,2025-04-22,
引退,215,79,佐伯昌優,九段,,1936-08-04,1959-10-01,1962-04-01,1964-04-01,1973-11-03,1987-03-26,2007-04-01,,,,,,2002-03-31,
引退,216,109,田丸昇,九段,,1950-05-05,1972-04-01,1974-04-01,1979-04-01,1981-04-01,1991-04-16,2013-04-01,,,,,,2016-10-25,
引退,217,106,佐藤義則,九段,,1949-02-17,1970-10-01,1972-04-01,1974-04-01,1984-04-01,1998-08-18,2019-04-01,,,,,,2014-06-18,
引退,218,116,前田祐司,九段,,1954-03-02,1974-09-04,1978-04-01,1980-04-01,1985-04-01,2000-09-19,2019-04-01,,,,,,2014-06-04,
引退,219,90,桜井昇,九段,,1941-05-10,1965-04-01,1966-04-01,1973-04-01,1983-11-17,2002-03-26,2022-04-01,,,,,,2007-03-31,
引退,220,107,安恵照剛,八段,,1941-03-22,1971-04-01,1974-04-01,1976-04-01,1986-03-04,2006-04-01,,,,,,,2001-03-31,
引退,221,136,鈴木輝彦,八段,,1954-10-18,1978-12-14,1981-04-01,1982-04-01,1990-04-01,2010-04-01,,,,,,,2004-03-31,
引退,222,101,滝誠一郎,八段,,1948-12-03,1968-10-01,1973-04-01,1981-11-17,1991-11-22,2013-04-01,,,,,,,2013-08-16,
引退,223,105,坪内利幸,八段,,1949-02-01,1970-04-01,1972-04-01,1984-04-01,1992-07-07,2013-04-01,,,,,,,2009-03-31,
引退,224,124,土佐浩司,八段,,1955-03-30,1976-02-19,1984-04-01,1989-04-14,1997-07-25,2014-09-18,,,,,,,2020-05-14,
引退,225,110,宮田利男,八段,,1952-10-29,1972-10-01,1980-04-01,1984-09-25,1994-07-06,2015-04-01,,,,,,,2017-05-16,
引退,226,128,東和男,八段,,1955-08-17,1976-07-16,1980-04-01,1984-04-01,1992-12-18,2015-04-01,,,,,,,2021-05-17,
引退,227,118,伊藤果,八段,,1950-09-16,1975-06-19,1981-04-01,1986-12-02,1995-10-06,2016-04-01,,,,,,,2011-06-07,
引退,228,141,児玉孝一,八段,,1951-02-21,1980-01-07,1983-04-01,1985-04-01,1995-01-18,2016-04-01,,,,,,,2011-08-10,
引退,229,98,若松政和,八段,,1939-08-10,1967-10-01,1973-11-03,1984-04-01,1999-04-01,2019-04-01,,,,,,,2000-03-31,
引退,230,117,飯野健二,八段,,1954-07-07,1975-03-04,1981-11-17,1986-12-08,1998-05-29,2019-04-01,,,,,,,2011-07-06,
引退,231,112,小阪昇,八段,,1950-02-18,1973-10-01,1980-11-17,1987-07-09,1999-09-28,2020-04-01,,,,,,,2010-07-14,
引退,232,130,大島映二,八段,,1957-06-06,1976-10-01,1984-04-01,1989-08-22,2000-03-06,2020-04-01,,,,,,,2015-03-12,
引退,233,178,長沼洋,八段,,1965-02-08,1986-07-21,1991-07-31,1997-11-07,2006-01-26,2020-08-31,,,,,,,2025-05-01,
引退,234,158,有森浩三,八段,,1963-02-13,1983-03-09,1986-08-26,1991-07-13,2000-09-07,2022-04-01,,,,,,,2025-05-15,
引退,235,153,室岡克彦,八段,,1959-03-21,1981-12-16,1985-04-01,1991-05-22,2002-05-30,2023-04-01,,,,,,,2024-06-18,
引退,236,154,堀口弘治,八段,,1961-05-16,1982-02-03,1986-04-01,1992-03-31,2003-12-16,2024-04-01,,,,,,,2017-06-01,
引退,237,219,中座真,八段,,1970-02-03,1996-04-01,2001-08-17,2007-04-11,2007-09-20,2024-04-01,,,,,,,2024-06-19,
引退,238,120,桐谷広人,八段,,1949-10-15,1975-07-14,1982-11-17,1990-12-05,2005-04-01,2025-04-01,,,,,,,2007-03-31,
引退,239,91,田辺一郎,七段,,1938-08-01,1965-04-01,1973-11-03,1984-04-01,1999-04-01,,,,,,,,1999-03-31,
引退,240,132,松浦隆一,七段,,1951-12-24,1977-02-04,1983-11-17,1991-09-17,2006-04-01,,,,,,,,2011-06-10,
引退,241,108,森安正幸,七段,,1947-05-20,1971-10-01,1978-11-17,1992-02-25,2007-04-01,,,,,,,,2004-03-31,
引退,242,125,酒井順吉,七段,,1949-06-18,1976-03-19,1982-11-17,1992-03-17,2007-04-01,,,,,,,,2006-05-02,
引退,243,126,森信雄,七段,,1952-02-10,1976-04-05,1984-04-01,1992-10-15,2007-04-01,,,,,,,,2017-05-16,
引退,244,129,中田章道,七段,,1952-01-19,1976-08-19,1984-04-01,1992-04-28,2007-04-01,,,,,,,,2004-03-31,
引退,245,150,植山悦行,七段,,1957-04-28,1981-04-02,1987-04-06,1994-07-29,2007-04-01,,,,,,,,2013-06-28,
引退,246,177,石川陽生,七段,,1963-03-05,1986-05-14,1991-07-16,1998-07-30,2007-10-23,,,,,,,,2023-09-14,
引退,247,155,大野八一雄,七段,,1959-03-07,1982-06-07,1987-09-16,1993-11-16,2009-04-01,,,,,,,,2014-05-01,
引退,248,167,小林宏,七段,,1962-12-18,1984-08-03,1989-05-19,1995-11-29,2009-11-25,,,,,,,,2022-04-19,
引退,249,160,神吉宏充,七段,,1959-03-01,1983-07-26,1988-01-17,1996-04-11,2010-04-01,,,,,,,,2011-06-01,
引退,250,121,沼春雄,七段,,1949-03-23,1975-07-29,1984-04-01,1996-02-02,2011-04-01,,,,,,,,2009-03-31,
引退,251,122,有野芳人,七段,,1948-09-09,1975-11-19,1982-11-17,1994-11-17,2011-04-01,,,,,,,,1991-03-31,
引退,252,140,瀬戸博晴,七段,,1956-11-06,1979-10-01,1988-11-01,1999-04-01,2014-04-01,,,,,,,,2000-06-08,
引退,253,145,依田有司,七段,,1957-12-23,1980-09-03,1987-09-08,1999-04-01,2014-04-01,,,,,,,,2010-03-25,
引退,254,152,武市三郎,七段,,1954-03-30,1981-11-11,1987-03-19,1997-05-29,2014-04-01,,,,,,,,2014-04-30,
引退,255,156,加瀬純一,七段,,1957-11-26,1982-08-05,1988-11-25,2000-04-01,2015-04-01,,,,,,,,2008-03-31,
引退,256,174,安西勝一,七段,,1963-07-02,1985-12-18,1991-05-28,2000-03-14,2016-04-01,,,,,,,,2015-04-01,
引退,257,181,櫛田陽一,七段,,1964-12-09,1987-03-05,1992-07-21,2001-04-01,2016-04-01,,,,,,,,2012-06-29,
引退,258,191,高田尚平,七段,,1962-06-21,1989-04-01,1993-07-02,2001-04-18,2016-04-01,,,,,,,,2019-08-09,
引退,259,159,飯田弘之,七段,,1962-01-17,1983-03-04,1988-12-06,2000-04-01,2017-04-01,,,,,,,,2014-03-31,
引退,260,166,伊藤博文,七段,,1960-02-08,1984-08-01,1991-04-08,2002-04-01,2017-04-01,,,,,,,,2020-05-26,
引退,261,187,木下浩一,七段,,1967-08-29,1988-04-01,1993-06-08,2001-02-19,2017-04-01,,,,,,,,2025-04-23,
引退,262,206,川上猛,七段,,1972-07-12,1993-04-01,1999-06-03,2005-09-20,2017-10-17,,,,,,,,2025-09-16,
引退,263,228,伊奈祐介,七段,,1975-12-18,1998-04-01,2004-08-13,2008-05-22,2019-10-23,,,,,,,,2024-05-10,
引退,264,170,本間博,七段,,1958-07-13,1985-06-10,1993-12-01,2006-04-01,2021-04-01,,,,,,,,2003-03-31,
引退,265,186,野田敬三,七段,,1958-01-24,1988-04-01,1997-02-04,2008-04-01,2023-04-01,,,,,,,,2013-06-27,
引退,266,225,増田裕司,七段,,1971-02-07,1997-10-01,2002-11-19,2009-09-11,2024-04-01,,,,,,,,2025-04-23,
引退,267,230,中尾敏之,六段,,1974-10-24,1998-10-01,2007-05-09,2019-04-01,,,,,,,,,2018-08-13,
引退,268,238,上野裕和,六段,,1977-04-13,2000-10-01,2007-04-01,2019-04-01,,,,,,,,,2023-05-16,
引退,269,232,金沢孝史,六段,,1973-05-13,1999-04-01,2006-07-10,2023-04-01,,,,,,,,,2021-05-17,
引退,270,244,熊坂学,六段,,1977-05-17,2002-04-01,2011-04-01,2023-04-01,,,,,,,,,2015-05-07,
引退,271,245,藤倉勇樹,六段,,1979-10-23,2002-10-01,2012-04-01,2024-04-01,,,,,,,,,2022-05-19,
物故,300,54,熊谷達人,九段,,1930-12-07,,,,,,,,,,,,,1977-04-12
物故,301,47,清野静男,八段,,1922-08-14,,,,,,,,,,,,,1977-08-28
物故,302,11,塚田正夫,,名誉十段,1914-08-02,1932-01-01,,,,,,1947-06-06,11996,32歳10ヶ月4日,5635,15年5ヶ月5日,,1977-12-30
物故,303,12,梶一郎,九段,,1912-06-06,,,,,,,,,,,,,1978-01-20
物故,304,7,大野源一,九段,,1911-09-01,,,,,,,,,,,,,1979-01-14
物故,305,23,岡崎史明,八段,,1907-06-15,,,,,,,,,,,,,1979-11-26
物故,306,94,高田丈資,七段,,1937-04-12,,,,,,,,,,,,,1980-06-01
物故,307,1,金易二郎,,名誉九段,1890-10-10,,,,,,,,,,,,,1980-06-23
物故,308,51,二見敬三,七段,,1932-02-20,,,,,,,,,,,,,1980-08-02
物故,309,55,増田敏二,六段,,1915-08-14,,,,,,,,,,,,,1980-10-26
物故,310,30,本間爽悦,八段,,1919-12-23,,,,,,,,,,,,,1981-03-13
物故,311,6,中井捨吉,八段,,1892-08-28,,,,,,,,,,,,,1981-08-20
物故,312,9,市川一郎,八段,,1903-02-18,,,,,,,,,,,,,1981-09-29
物故,313,38,北村秀治郎,八段,,1907-12-15,,,,,,,,,,,,,1982-05-01
物故,314,22,加藤恵三,八段,,1908-12-05,,,,,,,,,,,,,1982-06-26
物故,315,44,灘蓮照,九段,,1927-03-16,,,,,,,,,,,,,1984-04-26
物故,316,8,志沢春吉,八段,,1899-01-03,,,,,,,,,,,,,1985-01-12
物故,317,16,奥野基芳,八段,,1905-11-27,,,,,,,,,,,,,1985-02-13
物故,318,21,永沢勝雄,八段,,1904-04-13,,,,,,,,,,,,,1985-02-22
物故,319,13,角田三男,八段,,1910-02-02,,,,,,,,,,,,,1985-05-06
物故,320,39,花村元司,九段,,1917-11-18,,,,,,,,,,,,,1985-05-25
物故,321,4,渡辺東一,,名誉九段,1905-12-25,,,,,,,,,,,,,1985-05-27
物故,322,19,高島一岐代,九段,,1916-05-18,,,,,,,,,,,,,1986-07-29
物故,323,2,木村義雄,,十四世名人,1905-02-21,1920-01-01,,,,,,1937-12-06,11976,32歳9ヶ月15日,6549,17年11ヶ月5日,,1986-11-17
物故,324,15,松下力,九段,,1913-03-07,,,,,,,,,,,,,1987-11-16
物故,325,68,芹沢博文,九段,,1936-10-23,,,,,,,,,,,,,1987-12-09
物故,326,5,萩原淳,九段,,1904-10-11,,,,,,,,,,,,,1987-12-14
物故,327,84,板谷進,九段,,1940-12-10,,,,,,,,,,,,,1988-02-24
物故,328,25,松田茂役,九段,,1921-06-28,,,,,,,,,,,,,1988-08-02
物故,329,45,平野広吉,七段,,1915-09-05,,,,,,,,,,,,,1989-01-16
物故,330,3,金子金五郎,九段,,1902-01-06,,,,,,,,,,,,,1990-01-06
物故,331,10,坂口允彦,九段,,1908-12-10,,,,,,,,,,,,,1990-01-18
物故,332,18,升田幸三,,実力制第四代名人,1918-03-21,1936-01-01,,,,,,1952-02-12,12381,33歳10ヶ月22日,5886,16年1ヶ月11日,,1991-04-05
物故,333,33,吉田六彦,七段,,1910-03-01,,,,,,,,,,,,,1991-10-07
物故,334,26,大山康晴,,十五世名人,1923-03-13,1940-02-25,,,,,,1950-07-07,9978,27歳3ヶ月24日,3785,10年4ヶ月12日,,1992-07-26
物故,335,76,北村文男,七段,,1920-10-04,,,,,,,,,,,,,1993-01-14
物故,336,50,下平幸男,八段,,1924-11-16,,,,,,,,,,,,,1993-05-25
物故,337,163,小野敦生,六段,,1962-05-12,,,,,,,,,,,,,1993-05-25
物故,338,20,荒巻三之,九段,,1915-03-28,,,,,,,,,,,,,1993-10-29
物故,339,59,津村常吉,七段,,1923-07-28,,,,,,,,,,,,,1993-11-03
物故,340,99,森安秀光,九段,,1949-08-18,1968-04-01,1970-04-01,1975-04-01,1978-04-01,1980-04-01,1988-01-27,1983-08-04,12404,33歳11ヶ月17日,5603,15年4ヶ月3日,,1993-11-22
物故,341,41,佐瀬勇次,,名誉九段,1919-03-17,,,,,,,,,,,,,1994-03-25
物故,342,27,山本武雄,九段,,1917-01-05,,,,,,,,,,,,,1994-07-25
物故,343,49,木川貴一,六段,,1920-01-14,,,,,,,,,,,,,1994-08-30
物故,344,40,山川次彦,八段,,1920-01-18,,,,,,,,,,,,,1994-12-10
物故,345,28,山中和正,八段,,1914-12-15,,,,,,,,,,,,,1994-12-15
物故,346,36,星田啓三,八段,,1917-01-08,,,,,,,,,,,,,1995-07-20
物故,347,37,南口繁一,九段,,1918-09-04,,,,,,,,,,,,,1995-09-20
物故,348,29,板谷四郎,九段,,1913-06-10,,,,,,,,,,,,,1995-09-29
物故,349,17,小堀清一,九段,,1912-02-10,,,,,,,,,,,,,1996-02-02
物故,350,14,加藤治郎,,名誉九段,1910-06-01,,,,,,,,,,,,,1996-11-03
物故,351,83,高島弘光,八段,,1941-09-15,,,,,,,,,,,,,1996-12-27
物故,352,24,北楯修哉,九段,,1912-11-15,,,,,,,,,,,,,1997-01-31
物故,353,53,神田鎮雄,七段,,1930-03-13,,,,,,,,,,,,,1997-08-30
物故,354,34,富沢幹雄,八段,,1920-04-20,,,,,,,,,,,,,1998-01-10
物故,355,180,村山聖,九段,,1969-06-15,1986-11-05,1988-04-01,1991-10-31,1993-04-01,1995-04-01,1998-08-09,,,,,,,1998-08-08
物故,356,62,大友昇,九段,,1931-08-06,,,,,,,,,,,,,2000-08-08
物故,357,48,佐藤豊,六段,,1914-07-05,,,,,,,,,,,,,2001-05-16
物故,358,72,大原英二,七段,,1929-01-10,,,,,,,,,,,,,2001-07-13
物故,359,58,橋本三治,八段,,1925-12-12,,,,,,,,,,,,,2002-02-03
物故,360,78,伊達康夫,八段,,1936-07-22,,,,,,,,,,,,,2003-01-06
物故,361,35,原田泰夫,九段,,1923-03-01,,,,,,,,,,,,,2004-07-11
物故,362,81,山口千嶺,八段,,1937-06-11,,,,,,,,,,,,,2004-09-03
物故,363,63,佐藤庄平,八段,,1933-01-14,,,,,,,,,,,,,2005-11-09
物故,364,102,池田修一,七段,,1945-02-12,,,,,,,,,,,,,2006-07-03
物故,365,31,高柳敏夫,,名誉九段,1920-02-20,,,,,,,,,,,,,2006-09-05
物故,366,165,達正光,七段,,1965-04-18,,,,,,,,,,,,,2007-04-01
物故,367,111,真部一男,九段,,1952-02-16,,,,,,,,,,,,,2007-11-24
物故,368,134,小野修一,八段,,1958-02-12,,,,,,,,,,,,,2008-01-11
物故,369,32,広津久雄,九段,,1923-02-26,,,,,,,,,,,,,2008-04-16
物故,370,46,五十嵐豊一,九段,,1924-09-27,,,,,,,,,,,,,2008-08-30
物故,371,115,椎橋金司,六段,,1948-10-10,,,,,,,,,,,,,2009-01-16
物故,372,74,佐藤大五郎,九段,,1936-10-19,,,,,,,,,,,,,2010-09-01
物故,373,88,木下晃,七段,,1939-08-15,,,,,,,,,,,,,2010-10-08
物故,374,56,浅沼一,七段,,1924-12-18,,,,,,,,,,,,,2011-08-10
物故,375,52,西本馨,七段,,1923-08-10,,,,,,,,,,,,,2012-01-14
物故,376,85,米長邦雄,,永世棋聖,1943-06-10,1963-04-01,1965-04-01,1966-04-01,1969-04-01,1971-04-01,1979-04-01,1973-07-20,10998,30歳1ヶ月10日,3763,10年3ヶ月19日,2003-12-18,2012-12-18
物故,377,42,加藤博二,九段,,1923-09-15,,,,,,,,,,,,,2013-09-15
物故,378,95,河口俊彦,八段,,1936-11-23,,,,,,,,,,,,,2015-01-30
物故,379,43,丸田祐三,九段,,1919-03-30,,,,,,,,,,,,,2015-02-18
物故,380,69,関屋喜代作,八段,,1933-12-15,,,,,,,,,,,,,2015-12-05
物故,381,73,剱持松二,九段,,1934-07-21,,,,,,,,,,,,,2016-01-07
物故,382,57,二上達也,九段,,1932-01-02,1950-04-01,1952-04-01,1953-04-01,1954-04-01,1956-04-01,1973-11-03,1963-03-20,11400,31歳2ヶ月18日,4736,12年11ヶ月19日,1990-03-01,2016-11-01
物故,383,205,伊藤能,七段,,1962-01-16,1992-10-01,,,,,,,,,,,,2016-12-25
物故,384,61,関根茂,九段,,1929-11-05,,,,,,,,,,,,,2017-02-22
物故,385,86,大内延介,九段,,1941-10-02,1963-04-01,1964-04-01,1965-04-01,1970-04-01,1972-04-01,1984-04-01,1976-04-06,12605,34歳6ヶ月4日,4754,13年0ヶ月5日,2010-04-20,2017-06-23
物故,386,70,賀集正三,七段,,1932-02-12,,,,,,,,,,,,,2017-09-06
物故,387,67,長谷部久雄,九段,,1933-07-17,,,,,,,,,,,,,2017-12-27
物故,388,89,山口英夫,八段,,1941-09-08,,,,,,,,,,,,,2018-05-20
物故,389,80,木村嘉孝,七段,,1931-03-26,,,,,,,,,,,,,2019-02-28
物故,390,75,吉田利勝,八段,,1933-07-03,,,,,,,,,,,,,2021-05-23
物故,391,82,木村義徳,九段,,1935-05-02,,,,,,,,,,,,,2021-06-29
物故,392,103,野本虎次,八段,,1945-04-13,,,,,,,,,,,,,2021-10-07
物故,393,151,西川慶二,八段,,1961-12-06,,,,,,,,,,,,,2022-01-17
物故,394,119,菊地常夫,八段,,1949-06-11,,,,,,,,,,,,,2022-05-23
物故,395,133,青木清,七段,,1948-01-05,,,,,,,,,,,,,2022-09-05
物故,396,66,有吉道夫,九段,,1935-07-27,1955-05-15,1957-04-01,1958-04-01,1960-04-01,1965-04-01,1979-04-01,1973-02-05,13708,37歳6ヶ月9日,6476,17年8ヶ月21日,2010-05-24,2022-09-27
物故,397,71,大村和久,八段,,1928-02-18,,,,,,,,,,,,,2023-01-07
物故,398,173,中田宏樹,九段,,1964-10-20,,,,,,,,,,,,,2023-02-07
物故,399,137,武者野勝巳,七段,,1954-01-01,,,,,,,,,,,,,2023-05-08
物故,400,60,北村昌男,九段,,1934-10-30,,,,,,,,,,,,,2023-07-09
物故,401,169,関浩,七段,,1960-07-08,,,,,,,,,,,,,2024-11-11
物故,499,0,山田道美,九段,,1933-12-11,1951-12-31,,,,,,1967-07-24,12278,33歳7ヶ月13日,5684,15年6ヶ月23日,,1970-06-18
退会,500,139,永作芳也,五段,,1955-09-27,1979-10-03,1986-05-09,,,,,,,,,,1988-03-31,
退会,501,239,橋本崇載,八段,,1983-03-03,2001-04-01,2005-02-24,2006-04-01,2006-09-22,2012-02-03,,,,,,,2021-04-02,